,conf,i,j,out
0,11050000,0.2066353491,0.206638039,0.00572412295231
1,119000000,0.2058938746,0.2058956826,0.00337677047701
2,130050000,0.205779089,0.2057803192,0.00149514670741
3,130050000,0.2057973647,0.2057985968,0.00228621494532
4,130050000,0.2057973767,0.2057986415,0.00117981176364
5,130050000,0.2057998434,0.2058017562,0.00276738463975
6,130050000,0.2058034024,0.2058044087,0.00278436483579
7,130050000,0.205816913,0.2058175263,0.00112158911728
8,130050000,0.2058183103,0.2058202455,0.00337563907974
9,130050000,0.2058183575,0.2058203213,0.00225346428705
10,130050000,0.2058196766,0.20582073,0.00399132050497
11,130050000,0.2058249531,0.2058266652,0.0047442232433
12,130050000,0.2058354688,0.2058359829,0.00100643220793
13,130050000,0.2058382495,0.2058383808,0.000501981319801
14,130050000,0.2058413369,0.2058431144,0.00589470132942
15,130050000,0.2058428175,0.2058439506,0.00082483850453
16,130050000,0.2058569703,0.2058572167,0.000430992607843
17,130050000,0.2058598117,0.2058609752,0.000699570897549
18,130050000,0.20586515,0.2058655415,0.00111678225525
19,130050000,0.2058823191,0.2058827267,0.00158857924999
20,130050000,0.2059216263,0.2059223348,0.00085236382396
21,130050000,0.2059384299,0.2059391789,0.000726808435767
22,130050000,0.2059417057,0.2059431169,0.00212228658494
23,130050000,0.205957799,0.2059588471,0.00155111270135
24,130050000,0.205957799,0.2059588472,0.0015508586765
25,130050000,0.2059587409,0.2059601911,0.00194006137431
26,130050000,0.2059634776,0.205965439,0.00417856642185
27,130050000,0.2059788568,0.2059808679,0.00516510245671
28,130050000,0.2059799586,0.2059803139,0.000357407391097
29,130050000,0.2059799585,0.2059803139,0.000357468055944
30,130050000,0.205984801,0.2059848741,0.000282323507399
31,130050000,0.2059849688,0.2059864092,0.00124045737548
32,130050000,0.2060079433,0.2060086953,0.000464751376333
33,14450000,0.2042033581,0.2042055987,0.00155629088176
34,14450000,0.204204797,0.204206799,0.00137391720953
35,14450000,0.2042053284,0.2042076701,0.00168962648322
36,14450000,0.2042054966,0.2042061871,0.00194568785903
37,14450000,0.2042067818,0.2042088782,0.00147080285914
38,14450000,0.2042068209,0.2042072571,0.00186581143565
39,14450000,0.2042078858,0.2042084666,0.00190300051726
40,14450000,0.2042092155,0.2042095364,0.00181638081957
41,14450000,0.2042171775,0.2042191863,0.00140914954039
42,14450000,0.2042171775,0.2042191864,0.00141183768883
43,14450000,0.2042179496,0.2042197227,0.00130485802299
44,14450000,0.2042190287,0.2042195057,0.00194351947789
45,14450000,0.2042190674,0.204221184,0.00152732923738
46,14450000,0.2042196789,0.2042199073,0.00188931096982
47,14450000,0.2042198556,0.2042217301,0.00135957268476
48,14450000,0.2042213554,0.2042217211,0.0018935557255
49,14450000,0.2042220133,0.204222125,0.00187194289897
50,144500000,0.2062633706,0.2062643306,0.00486540372151
51,144500000,0.2063140914,0.20631486,0.0047830147852
52,153000000,0.2053480189,0.2053500592,0.00300122351535
53,164900000,0.2020555041,0.202056566,0.000841850259939
54,164900000,0.2020556019,0.202056604,0.000791116804743
55,164900000,0.2020690671,0.2020701673,0.000641304240495
56,164900000,0.2020692777,0.2020703027,0.000585605426686
57,168300000,0.2041137487,0.2041158199,0.00274466430782
58,170850000,0.2039478833,0.2039521012,0.00855198377802
59,170850000,0.2039490355,0.2039507273,0.00192953549966
60,170850000,0.2039499805,0.2039535881,0.00749009895655
61,170850000,0.2039501715,0.2039544545,0.00877943163642
62,170850000,0.2039507273,0.2039544862,0.00772594717005
63,170850000,0.2039511195,0.2039526991,0.00268611810506
64,170850000,0.203951244,0.2039556757,0.00902210230712
65,170850000,0.2039521012,0.2039535881,0.00185791268417
66,170850000,0.203952492,0.2039561134,0.00765502227447
67,170850000,0.2039526991,0.2039564447,0.00767234486429
68,170850000,0.2039530777,0.2039563949,0.0080895668457
69,170850000,0.2039531665,0.2039569491,0.00791183493291
70,170850000,0.2039533452,0.2039577598,0.00891651930074
71,170850000,0.2039537202,0.2039571748,0.00769199129371
72,170850000,0.2039549114,0.2039589923,0.0085288879097
73,170850000,0.2039551456,0.2039589137,0.00782067865406
74,170850000,0.2039556194,0.2039589393,0.00801329098524
75,170850000,0.2039556924,0.2039591328,0.00760511971682
76,170850000,0.2039561897,0.2039596572,0.00779380407964
77,170850000,0.2039564079,0.2039580321,0.00185319893617
78,170850000,0.2039564079,0.2039606303,0.00873712681979
79,170850000,0.203956937,0.2039603527,0.00740579847298
80,170850000,0.2039575288,0.2039589393,0.00206312241101
81,170850000,0.2039578883,0.2039620925,0.00890142797534
82,170850000,0.2039580321,0.2039616011,0.00764431724176
83,170850000,0.2039593319,0.203963686,0.00914231691648
84,170850000,0.2039600601,0.2039631972,0.00805642565486
85,170850000,0.2039601594,0.2039636499,0.00772105341031
86,170850000,0.2039610474,0.2039643247,0.00763461222259
87,170850000,0.203961208,0.2039648605,0.0079731500147
88,170850000,0.2039620925,0.2039636499,0.00202301350211
89,170850000,0.2039624534,0.203966858,0.00887899556656
90,170850000,0.2039632309,0.2039648697,0.00202179724546
91,170850000,0.2039632309,0.2039677873,0.00913692612863
92,170850000,0.2039633202,0.2039665208,0.00812869631986
93,170850000,0.2039642612,0.2039676107,0.00789895838556
94,170850000,0.2039645025,0.2039683028,0.00782663264262
95,170850000,0.2039648114,0.2039692932,0.00911665086353
96,170850000,0.2039648697,0.2039688342,0.00810189479409
97,170850000,0.2039652055,0.2039667353,0.0020136609377
98,170850000,0.2039652055,0.2039697451,0.00911449267068
99,170850000,0.2039667353,0.203970685,0.00806863657805
100,170850000,0.203966858,0.2039683028,0.0019247210707
101,170850000,0.2039670585,0.2039708904,0.0080049527097
102,170850000,0.2039673195,0.2039713276,0.00830183769096
103,170850000,0.2039674458,0.203970976,0.00844130914146
104,170850000,0.2039677105,0.203971391,0.00806374944679
105,170850000,0.2039691515,0.2039733938,0.00879716446277
106,170850000,0.2039691925,0.2039731846,0.00823603676313
107,170850000,0.2039700259,0.2039735782,0.00833442995037
108,170850000,0.2039701836,0.2039738985,0.00819710377939
109,170850000,0.2039702776,0.2039718532,0.00194682374428
110,170850000,0.2039702776,0.2039746737,0.00904893589555
111,170850000,0.2039711366,0.2039747161,0.00766826771541
112,170850000,0.2039718532,0.203975598,0.00794306712257
113,170850000,0.2039720626,0.2039757602,0.00810685877551
114,170850000,0.2039722267,0.2039765989,0.00916510508553
115,170850000,0.2039741091,0.2039774305,0.0082839213007
116,170850000,0.2039741108,0.2039774305,0.0103992316655
117,170850000,0.2039744301,0.2039780953,0.00798882546001
118,170850000,0.2039747185,0.2039781922,0.00795044132164
119,170850000,0.2039750733,0.2039789136,0.00827988509016
120,170850000,0.2039765989,0.2039780953,0.00197703726055
121,170850000,0.2039774337,0.2039808313,0.00838921454157
122,170850000,0.2039779691,0.2039815285,0.00819852378487
123,170850000,0.2039865121,0.2039906933,0.00851474645528
124,170850000,0.2039876837,0.2039920051,0.0087332332253
125,170850000,0.2039887398,0.2039929849,0.00872739161561
126,170850000,0.2039888689,0.2039924344,0.00744673750163
127,170850000,0.2039892968,0.2039931317,0.00809303493767
128,170850000,0.2039896412,0.2039933586,0.00768157258569
129,170850000,0.2039898333,0.2039942283,0.00897295236346
130,170850000,0.2039903569,0.2039943211,0.00827972435779
131,170850000,0.2039906933,0.2039924344,0.00204645289494
132,170850000,0.2039913347,0.203994913,0.00759960167078
133,170850000,0.2039914312,0.2039946307,0.00696924957175
134,170850000,0.2039915307,0.2039954182,0.00827990459809
135,170850000,0.2039919314,0.2039963095,0.00888076807202
136,170850000,0.2039920365,0.2039957767,0.00786003322983
137,170850000,0.203992514,0.2039965402,0.00849542616678
138,170850000,0.2039931317,0.2039946307,0.00187404972094
139,170850000,0.2039936128,0.2039976662,0.00850397515656
140,170850000,0.2039939182,0.2039971209,0.0071088704003
141,170850000,0.2039942283,0.2039957767,0.00195031448942
142,170850000,0.2039951199,0.2039993158,0.00871708449377
143,170850000,0.2039958866,0.20399927,0.00737815231062
144,170850000,0.2039964792,0.2040001983,0.00812243832351
145,170850000,0.2039965268,0.2040007028,0.00886870293376
146,170850000,0.2039969988,0.204000536,0.00761512475172
147,170850000,0.2039976662,0.20399927,0.00191910157959
148,170850000,0.2039978716,0.2039995143,0.00189976641568
149,170850000,0.2039978716,0.2040017231,0.00830611785889
150,170850000,0.2039979824,0.204002309,0.00911543252564
151,170850000,0.2039985165,0.2040015456,0.00694034032923
152,170850000,0.203999061,0.2040025182,0.00768454525016
153,170850000,0.2039994092,0.2040032396,0.00845829581856
154,170850000,0.2039995143,0.2040026866,0.00715512145592
155,170850000,0.2040001279,0.2040037476,0.00794440177145
156,170850000,0.2040007509,0.2040047213,0.0086751253679
157,170850000,0.2040010498,0.2040054145,0.00883406181349
158,170850000,0.2040017224,0.2040048155,0.00723528379141
159,170850000,0.2040018478,0.2040063653,0.00909478276023
160,170850000,0.204002309,0.2040037476,0.00184101101835
161,170850000,0.204002676,0.2040059205,0.00746676889887
162,170850000,0.2040032396,0.2040048155,0.00201338423952
163,170850000,0.2040033495,0.20400779,0.00905880774254
164,170850000,0.2040033533,0.2040071086,0.0077737755469
165,170850000,0.2040036771,0.2040077155,0.00844326632547
166,170850000,0.2040037449,0.2040076651,0.00804817893309
167,170850000,0.2040038196,0.2040083209,0.00908243250448
168,170850000,0.2040043647,0.2040060415,0.00209821314813
169,170850000,0.2040043647,0.2040085454,0.00867151724696
170,170850000,0.2040054145,0.2040071086,0.00211257942694
171,170850000,0.2040056088,0.2040095146,0.00802121692753
172,170850000,0.204005758,0.2040091681,0.00733343046085
173,170850000,0.2040058645,0.2040096503,0.00794624941538
174,170850000,0.2040059775,0.204010082,0.00864760430669
175,170850000,0.2040060415,0.2040096052,0.00758075214379
176,170850000,0.2040061532,0.2040101158,0.0082436220439
177,170850000,0.2040063371,0.2040105009,0.00869808625177
178,170850000,0.2040065654,0.2040108225,0.00889871622801
179,170850000,0.2040077155,0.2040091681,0.00193414827161
180,170850000,0.2040078205,0.2040120329,0.00876303861225
181,170850000,0.2040085552,0.2040127933,0.00883843358426
182,170850000,0.2040086514,0.2040101158,0.00191959607415
183,170850000,0.2040089589,0.204013326,0.00901919593277
184,170850000,0.2040100476,0.2040135925,0.00763327297822
185,170850000,0.204010082,0.2040117174,0.00209628017072
186,170850000,0.2040105347,0.2040144324,0.00841213933355
187,170850000,0.2040107808,0.2040144916,0.00790542132696
188,170850000,0.2040108355,0.2040151767,0.00912522829348
189,170850000,0.2040115584,0.2040131454,0.00199329229209
190,170850000,0.2040115584,0.2040156011,0.00863791152288
191,170850000,0.2040119069,0.2040164111,0.00940513582915
192,170850000,0.2040120329,0.2040135925,0.00198500738993
193,170850000,0.2040125252,0.2040157369,0.00722963341023
194,170850000,0.2040131454,0.2040165125,0.00748406564911
195,170850000,0.2040132944,0.2040169238,0.00794596687118
196,170850000,0.20401356,0.2040175773,0.00874767643837
197,170850000,0.2040139573,0.2040177621,0.00824146552154
198,170850000,0.2040145168,0.2040186869,0.00900030597238
199,170850000,0.2040157979,0.204019086,0.00752726941749
200,170850000,0.2040163477,0.2040198003,0.00780148745204
201,170850000,0.2040175773,0.204019086,0.00195355826819
202,177650000,0.2055187889,0.205520279,0.00280596897082
203,177650000,0.2055837435,0.2055850181,0.00128780507646
204,196350000,0.2038679307,0.2038699425,0.00560798687991
205,196350000,0.2038705965,0.2038724938,0.00563461723708
206,196350000,0.2038932825,0.2038944639,0.00730575228241
207,196350000,0.2038955239,0.2038965917,0.0074979996718
208,21250000,0.2041581122,0.2041648604,0.00923672153876
209,21250000,0.2042118157,0.2042193482,0.0103946554499
210,215900000,0.2013096057,0.2013105072,0.00235585374303
211,215900000,0.2013110058,0.2013117989,0.00228572696717
212,215900000,0.2013581672,0.2013592713,0.00255316539469
213,215900000,0.2013594317,0.2013604329,0.0024941468269
214,215900000,0.2013648112,0.2013659444,0.00263794886891
215,215900000,0.2013660479,0.2013670812,0.00258650776097
216,215900000,0.2013874268,0.201388321,0.00233114630596
217,215900000,0.2013889286,0.2013897147,0.00222062609801
218,215900000,0.2014382788,0.2014392785,0.00242750196586
219,221000000,0.2042500209,0.2042519449,0.00253966353059
220,221000000,0.2042589337,0.2042603273,0.00228933692969
221,221000000,0.2042934375,0.2042942588,0.00187924485903
222,221000000,0.204346532,0.2043487077,0.00248112066725
223,221000000,0.2043470367,0.2043488888,0.00243182584817
224,221000000,0.204354756,0.204355578,0.00201314782759
225,221000000,0.2043894102,0.2043904843,0.00179346842297
226,221000000,0.2043899605,0.2043907321,0.00172154616272
227,246500000,0.2025660912,0.2025677368,0.00314780063621
228,246500000,0.2026098003,0.2026110108,0.00104576806822
229,246500000,0.2026267397,0.2026280553,0.00119245159954
230,246500000,0.2027118895,0.2027119907,0.000682764084873
231,246500000,0.2027200364,0.2027213968,0.00143357780554
232,246500000,0.2027303482,0.2027304248,0.000723243687118
233,246500000,0.2027474751,0.2027481648,0.000134608809852
234,246500000,0.2028227743,0.2028232107,0.0013464385368
235,246500000,0.2028401562,0.2028405573,0.00133622462876
236,250750000,0.2029996658,0.2030016237,0.00185334694021
237,250750000,0.2029996713,0.2030012601,0.00171015933904
238,250750000,0.2031780012,0.2031801667,0.00181672174055
239,250750000,0.2031786239,0.2031804084,0.00161446676762
240,255000000,0.2016336116,0.2016352486,0.00348816547672
241,255000000,0.2017896513,0.2017913883,0.00208408956867
242,260950000,0.2075997193,0.2076016395,0.0044520185396
243,260950000,0.2076803298,0.2076823574,0.00438915240944
244,260950000,0.2076919405,0.2076942431,0.00468081821534
245,260950000,0.2076920087,0.2076940297,0.00442565407236
246,273700000,0.2026271507,0.2026289855,0.00298691290171
247,275400000,0.203441291,0.2034414723,0.00520247048604
248,275400000,0.203441291,0.2034419408,0.00076653188127
249,275400000,0.2034622686,0.2034626726,0.00517013366935
250,275400000,0.2034622686,0.2034630458,0.000756457564185
251,275400000,0.203507252,0.2035073362,0.00510080957524
252,275400000,0.203515474,0.2035154743,0.00501957034801
253,275400000,0.203515474,0.2035170528,0.00215267886479
254,275400000,0.2035347045,0.203535064,0.00490520377497
255,275400000,0.2035493256,0.2035511825,0.00318985915168
256,275400000,0.2035511825,0.2035514033,0.00492629478298
257,276250000,0.2042353315,0.2042361794,0.00447227454413
258,28900000,0.2083248524,0.2083268853,0.00712936722792
259,28900000,0.2083253789,0.2083274025,0.00712287321286
260,28900000,0.2084312569,0.2084334117,0.0072039162862
261,291550000,0.2049448466,0.2049451311,0.00358593686394
262,291550000,0.2049454485,0.204945518,0.00357323531355
263,291550000,0.2049553295,0.2049556749,0.00264098793952
264,291550000,0.2049555866,0.2049561502,0.00272180182534
265,291550000,0.2049560837,0.2049565785,0.00264174541011
266,291550000,0.2049567393,0.2049568804,0.00220048406774
267,291550000,0.2049572852,0.2049579544,0.00304065918598
268,291550000,0.2049574555,0.2049576761,0.00209364492063
269,291550000,0.2049583279,0.2049584057,0.0022266588165
270,29750000,0.2040319398,0.2040327538,0.0015317127734
271,29750000,0.20403194,0.2040327683,0.00151410689084
272,29750000,0.2040340147,0.204034244,0.00241930899604
273,306850000,0.2057506807,0.205752888,0.00362917462805
274,306850000,0.2057513445,0.2057536263,0.00369586859054
275,306850000,0.2057707897,0.2057726027,0.00313974320014
276,328100000,0.2050584689,0.2050597889,0.00131547047681
277,328950000,0.2041292183,0.2041298835,0.0055712633073
278,328950000,0.2041384913,0.2041389111,0.00565354566026
279,328950000,0.2041442015,0.2041443899,0.00568331438796
280,335750000,0.2043726656,0.2043740571,0.00241336298193
281,335750000,0.2043848318,0.2043863173,0.00242340336369
282,335750000,0.2043848318,0.2043863174,0.00242138896408
283,335750000,0.2043931696,0.2043952287,0.00265515070785
284,339150000,0.206669274,0.2066704102,0.000516102295491
285,339150000,0.2066788285,0.2066800274,0.000572178399862
286,339150000,0.2066859789,0.2066875988,0.00104453660215
287,339150000,0.2067381341,0.206739773,0.0011101841511
288,339150000,0.2068433998,0.2068447368,0.00072170251802
289,339150000,0.2068884147,0.2068894934,0.000571741094477
290,352750000,0.2051239923,0.2051254116,0.00358659797468
291,352750000,0.2051499058,0.2051506442,0.00362898782268
292,357850000,0.2034232173,0.2034237259,0.00720502980921
293,357850000,0.2034372171,0.2034380208,0.00718947732919
294,357850000,0.2034641716,0.2034647264,0.00722215800656
295,385050000,0.2039788664,0.2039792942,0.00153750041534
296,385050000,0.2039873657,0.2039874341,0.000610026027591
297,385050000,0.2040095057,0.2040102471,0.00199717960176
298,385050000,0.2040121778,0.2040123296,0.000706412378455
299,385050000,0.2040171015,0.2040175294,0.000349266309755
300,385050000,0.204043864,0.2040440211,0.00114039768186
301,387600000,0.2058908599,0.2058918882,0.00297468564145
302,403750000,0.2062760718,0.2062769763,0.00184441789522
303,403750000,0.206301552,0.2063027369,0.00140658547643
304,403750000,0.2063338826,0.2063361473,0.00404164762546
305,403750000,0.2063821136,0.2063840084,0.00445682135183
306,403750000,0.2063974711,0.2063984639,0.000574026234308
307,403750000,0.2063974712,0.2063984639,0.000572509814093
308,408000000,0.2070967303,0.2070977434,0.00124953595386
309,408000000,0.2070971027,0.2070983362,0.0014583642764
310,408000000,0.2071647607,0.2071649845,0.000998060844072
311,408000000,0.2071864677,0.2071873823,0.00116305640421
312,408000000,0.2072541288,0.2072545905,0.00144541272551
313,408000000,0.2073170152,0.2073180247,0.00115907066195
314,408000000,0.2073191901,0.2073203652,0.00131801535905
315,429250000,0.2046887076,0.2046905326,0.00250992038033
316,429250000,0.2046895121,0.2046912519,0.00237899273426
317,429250000,0.2046941517,0.2046956771,0.00208605690535
318,429250000,0.2046949997,0.2046964398,0.00198452056385
319,442000000,0.208639254,0.2086410301,0.00415036981792
320,442850000,0.2084525781,0.2084546772,0.00538303898718
321,442850000,0.208454966,0.2084571506,0.00551670532485
322,442850000,0.2084764209,0.2084789095,0.00625233655233
323,442850000,0.2084783509,0.2084809747,0.00657121198179
324,442850000,0.2084816787,0.2084840784,0.00568706300821
325,442850000,0.2084840067,0.208486498,0.00580064595901
326,45050000,0.2040982894,0.2040989145,0.00342217562346
327,45050000,0.2041024929,0.2041032401,0.0035762055141
328,456450000,0.2070523436,0.2070541261,0.00314160270363
329,456450000,0.2070739427,0.2070759762,0.00351010197585
330,456450000,0.2070810405,0.2070827127,0.00312553906586
331,456450000,0.2070958225,0.2070978403,0.00315876839298
332,456450000,0.2070996799,0.2071009419,0.0026239447802
333,456450000,0.2071022611,0.207104241,0.00354056944684
334,456450000,0.2071152839,0.2071165934,0.00262145759419
335,456450000,0.2071248153,0.2071267019,0.00308619407935
336,456450000,0.2071288713,0.2071300347,0.00263376157258
337,456450000,0.2072445804,0.2072459596,0.00260451071261
338,456450000,0.2072916108,0.2072933597,0.00269399280551
339,456450000,0.2073028526,0.2073043873,0.00288162087503
340,45900000,0.2033646448,0.2033648079,0.000139436333988
341,45900000,0.2033666202,0.2033668442,5.16910692532e-05
342,45900000,0.203367783,0.2033680784,0.000152182465936
343,45900000,0.203368493,0.2033694222,0.000938829392662
344,45900000,0.2033696332,0.2033699924,0.000239996443064
345,45900000,0.2033704842,0.2033714781,0.00103386668971
346,45900000,0.2033886412,0.2033888053,0.000459241050964
347,45900000,0.2033906419,0.203390673,0.000314112202027
348,45900000,0.2033907665,0.2033908708,0.0003828186789
349,45900000,0.2033922437,0.2033928097,0.000698334669668
350,45900000,0.2033926094,0.203392641,0.000228956333597
351,45900000,0.2033939426,0.2033946084,0.000779571602876
352,45900000,0.2033943202,0.2033949505,0.00080743692739
353,45900000,0.2033958882,0.203396621,0.000862970613793
354,466650000,0.2030718458,0.2030720514,0.000111271343255
355,466650000,0.2030722936,0.2030725575,8.23154991153e-05
356,466650000,0.2030832959,0.2030836753,0.000724247668438
357,476000000,0.2032560465,0.2032579545,0.00333822870283
358,488750000,0.2029355984,0.2029365312,0.00231918092382
359,488750000,0.2029439179,0.2029452265,0.00292741981102
360,488750000,0.2029588105,0.2029603194,0.00337328907263
361,488750000,0.2029932202,0.2029943237,0.00257244421412
362,488750000,0.2030011145,0.2030026684,0.00322073376637
363,488750000,0.2030089272,0.2030102489,0.00310518063883
364,488750000,0.203017495,0.2030191814,0.00365293357329
365,488750000,0.2030436514,0.2030450034,0.00287303298888
366,488750000,0.2030508541,0.2030525781,0.00349153925506
367,488750000,0.2030528776,0.2030542235,0.00286295441596
368,488750000,0.2030713884,0.2030726574,0.000767202124632
369,496400000,0.2043192609,0.2043195587,0.00282092629622
370,496400000,0.2043200177,0.2043202458,0.0027580164169
371,496400000,0.2043205307,0.2043208325,0.0027612127127
372,496400000,0.2043205307,0.2043208327,0.00323038185697
373,496400000,0.2043205309,0.2043208278,0.00301165350197
374,496400000,0.2043213875,0.204321776,0.00302034021048
375,496400000,0.2043240262,0.2043245706,0.00285002886638
376,496400000,0.2043248496,0.2043253307,0.00282665679964
377,496400000,0.2043252742,0.2043253294,0.00278112617943
378,496400000,0.204325276,0.2043253261,0.00291744016316
379,496400000,0.2043262013,0.204326336,0.00302125522339
380,496400000,0.2043310606,0.2043316417,0.00280336944378
381,496400000,0.2043337238,0.2043342396,0.0027595512591
382,496400000,0.2043349627,0.2043350266,0.00283808967905
383,496400000,0.2043357871,0.2043366107,0.00286153971272
384,496400000,0.2043366356,0.2043369015,0.00287142620037
385,496400000,0.2043385249,0.2043392895,0.00285702572415
386,496400000,0.2043395574,0.2043397441,0.00289514549453
387,496400000,0.204380863,0.2043815539,0.00294073928724
388,496400000,0.2043813621,0.204381996,0.00289914548705
389,496400000,0.2043822128,0.2043823053,0.00297915639608
390,496400000,0.204385489,0.2043864511,0.00304154698106
391,496400000,0.2043860538,0.2043869664,0.00299397863506
392,496400000,0.2043865776,0.2043869431,0.00303011920631
393,496400000,0.2043873315,0.204387624,0.00299232999194
394,496400000,0.2043930694,0.2043940427,0.00299337354378
395,496400000,0.2043939749,0.2043943848,0.00296360487084
396,496400000,0.2043952858,0.2043962173,0.00292835922278
397,496400000,0.2043955217,0.2043964432,0.00292678981857
398,496400000,0.2043966191,0.204396955,0.00287836718031
399,496400000,0.2043976903,0.2043985695,0.00307784021488
400,496400000,0.2043976904,0.2043985695,0.00285047564077
401,496400000,0.2043983013,0.2043989811,0.00304516643949
402,496400000,0.2043988731,0.2043991679,0.00276876687257
403,496400000,0.2044010129,0.2044016253,0.00296969819803
404,496400000,0.2044024742,0.2044036166,0.00298126585826
405,505750000,0.204084834,0.2040853539,0.00322581053646
406,505750000,0.2041443956,0.2041448189,0.00297249447991
407,506600000,0.2039060247,0.2039077005,0.00196888974695
408,506600000,0.2039159632,0.203917595,0.00193101795408
409,524450000,0.2070390205,0.2070399485,0.00335105748843
410,524450000,0.2070405768,0.2070414753,0.00331278816535
411,524450000,0.2070519111,0.2070527084,0.00320798978031
412,524450000,0.2070534284,0.2070541997,0.00316179829727
413,524450000,0.2071484824,0.2071492309,0.00306695711092
414,524450000,0.2071501307,0.2071508437,0.00302961852503
415,524450000,0.207153761,0.207154219,0.00269477815361
416,524450000,0.2071554015,0.2071558249,0.00264720523494
417,524450000,0.2071702563,0.2071708197,0.00281849378732
418,524450000,0.2071718432,0.2071723743,0.00278204626817
419,524450000,0.207177601,0.2071784638,0.00309322109742
420,524450000,0.2071904462,0.2071911547,0.0029446833429
421,53550000,0.204426662,0.2044280379,0.00593921938327
422,53550000,0.2044301329,0.2044315781,0.00554071366642
423,53550000,0.204436732,0.2044384546,0.0061549771371
424,53550000,0.2044375707,0.2044389792,0.00586023963303
425,53550000,0.2044417256,0.2044432206,0.00553049892284
426,53550000,0.2044437428,0.2044448812,0.00576024560173
427,53550000,0.2044445884,0.2044459308,0.00587127420015
428,53550000,0.204446202,0.2044479532,0.00617333447055
429,53550000,0.2044466756,0.2044478863,0.00542897606064
430,53550000,0.2044479871,0.2044493965,0.0054720790291
431,53550000,0.2044513676,0.2044525905,0.00586846259719
432,53550000,0.2044524797,0.2044541544,0.00567537733339
433,53550000,0.2044542477,0.2044562311,0.00556285802542
434,53550000,0.204454883,0.2044568267,0.00587581578906
435,53550000,0.2044550161,0.2044563401,0.00548980785164
436,53550000,0.2044554131,0.2044570807,0.00605564820432
437,53550000,0.2044556397,0.2044570253,0.0057993662028
438,53550000,0.204459718,0.204461188,0.0054715766117
439,53550000,0.2044613228,0.2044633692,0.00586740935843
440,53550000,0.2044625439,0.2044636238,0.00558494028386
441,53550000,0.2044641031,0.2044658306,0.00561810056275
442,53550000,0.2044650436,0.2044667532,0.00607957530651
443,53550000,0.2044654095,0.2044665627,0.00526330768233
444,53550000,0.204467001,0.2044683446,0.00583877711146
445,53550000,0.2044701237,0.2044715593,0.00553239660681
446,53550000,0.2044703073,0.2044714859,0.00569954611781
447,53550000,0.2044703996,0.2044720415,0.00561074831297
448,53550000,0.2044729406,0.2044748631,0.00537815547956
449,53550000,0.2044736418,0.2044755251,0.00562278347052
450,53550000,0.2044738884,0.2044751687,0.00533389348505
451,53550000,0.2044746172,0.2044760481,0.00588991770821
452,53550000,0.2044780202,0.2044801766,0.00593271863795
453,53550000,0.204478456,0.2044800066,0.00559754675043
454,53550000,0.2044802365,0.2044822333,0.00565322119318
455,53550000,0.2044821565,0.2044838619,0.00556143198815
456,53550000,0.2045154083,0.2045174872,0.00581850821998
457,53550000,0.2045166605,0.2045175171,0.00557007204611
458,53550000,0.2045205323,0.2045213947,0.00513648766629
459,53550000,0.2045251555,0.2045272836,0.00585511822888
460,53550000,0.2045276785,0.2045285027,0.00547995895433
461,537200000,0.2083016981,0.2083017315,0.00374673316542
462,537200000,0.2083024612,0.2083030613,0.00294015902908
463,537200000,0.2083442776,0.2083444032,0.00365499517781
464,537200000,0.2083443983,0.2083457338,0.0012569510521
465,537200000,0.2083452294,0.2083456466,0.00286736453502
466,537200000,0.2083558254,0.2083571249,0.00118149879577
467,537200000,0.2083577209,0.2083584272,0.0010226423614
468,537200000,0.2083867545,0.2083882549,0.0011992763166
469,537200000,0.208390216,0.2083915611,0.00117218490213
470,537200000,0.2083920801,0.2083928559,0.00103704549475
471,537200000,0.208485474,0.2084856005,0.00348677953224
472,537200000,0.2085419057,0.208542763,0.00107098593109
473,549100000,0.2062573543,0.2062580114,0.000157576265052
474,549100000,0.2062764897,0.2062774644,0.000667318924241
475,549100000,0.2063903434,0.2063905217,0.00059593626748
476,549100000,0.2064097274,0.2064102597,2.6824578345e-05
477,549100000,0.2064992053,0.2065007522,0.00163108230439
478,552500000,0.2068346439,0.2068358677,0.00553221073434
479,552500000,0.2068399592,0.2068411344,0.00550164354037
480,552500000,0.2068593333,0.2068595485,0.00567283454474
481,552500000,0.2068647197,0.2068649769,0.00563976068148
482,552500000,0.2068719695,0.2068723602,0.0070145107384
483,552500000,0.2068738089,0.2068756603,0.00538496157225
484,552500000,0.2068789205,0.2068807486,0.00538235434461
485,552500000,0.2068864626,0.2068879694,0.00518479813298
486,552500000,0.2068916666,0.20689315,0.00518151645096
487,552500000,0.2069533728,0.2069544383,0.00539354484504
488,552500000,0.2069587193,0.2069597277,0.00536659699116
489,566950000,0.2034499678,0.2034506092,0.00401170010777
490,567800000,0.2097209224,0.2097241912,0.00492050050268
491,567800000,0.2097225968,0.2097256262,0.00478279586903
492,567800000,0.2097372115,0.209740604,0.00592946789389
493,567800000,0.2097372115,0.2097406041,0.00592671183069
494,567800000,0.2097412983,0.2097443176,0.00555297131412
495,567800000,0.209762213,0.2097663381,0.00656338371892
496,567800000,0.2097672021,0.2097709263,0.00613861368019
497,567800000,0.2098783764,0.2098825024,0.00671024603072
498,567800000,0.2098819435,0.2098856938,0.00629282618558
499,567800000,0.2099032647,0.2099081156,0.00733995989945
500,567800000,0.2100332685,0.210035796,0.00539318997719
501,572050000,0.2047517638,0.2047530553,0.00379609501911
502,572050000,0.2047524068,0.2047532739,0.00281338527351
503,572050000,0.2049328311,0.2049340897,0.00361728279225
504,572050000,0.2049330484,0.2049337705,0.00263721269382
505,579700000,0.2075055388,0.2075055407,0.0023263610434
506,58650000,0.2056293966,0.2056304991,0.00170640635202
507,58650000,0.2056302054,0.2056313524,0.00176753074805
508,58650000,0.2056344995,0.2056346506,0.000389223876769
509,590750000,0.2052556199,0.2052580276,0.00474027481092
510,590750000,0.2052556349,0.2052580386,0.00474155771124
511,590750000,0.2052589142,0.205260951,0.00449609601349
512,590750000,0.2052823991,0.2052854679,0.00491478668072
513,590750000,0.2052824143,0.2052854834,0.00493852937591
514,590750000,0.2052825999,0.205284883,0.00457420177457
515,590750000,0.2052826015,0.2052848908,0.00456874430495
516,590750000,0.2052859132,0.2052878182,0.00433608489331
517,590750000,0.2053056057,0.2053079445,0.00386790698369
518,590750000,0.2053080647,0.2053109999,0.00472743773155
519,590750000,0.2053080688,0.2053110027,0.00474456331275
520,590750000,0.2053590129,0.2053614054,0.00456777944839
521,599250000,0.2067226752,0.2067229035,0.00214217575285
522,599250000,0.2067237092,0.2067237819,0.00203825032718
523,599250000,0.206724283,0.2067243755,0.00204036459772
524,599250000,0.2067250714,0.2067252682,0.00197378415048
525,599250000,0.2067256031,0.206725831,0.00215747759963
526,599250000,0.2067267279,0.2067268132,0.00203221783612
527,599250000,0.2067271478,0.2067272367,0.00205313047155
528,599250000,0.2067280229,0.2067282347,0.00197298814402
529,599250000,0.2067522547,0.2067527046,0.00151500759063
530,599250000,0.2067539082,0.2067544813,0.00150768508564
531,599250000,0.2067551461,0.2067556013,0.00150578511507
532,599250000,0.2067567354,0.2067573176,0.00150085500371
533,599250000,0.2068091255,0.2068098695,0.00175011973265
534,599250000,0.2068091596,0.2068096902,0.00160011890298
535,599250000,0.2068098148,0.2068107089,0.0017768542049
536,599250000,0.2068099713,0.206810665,0.00162149013262
537,599250000,0.2068122218,0.2068127837,0.00157715197762
538,599250000,0.2068122874,0.2068130749,0.0017241582488
539,599250000,0.2068128805,0.206813821,0.00176259106204
540,599250000,0.2068129408,0.2068136687,0.00161307045847
541,599250000,0.2068397793,0.20684008,0.00146955257244
542,599250000,0.206839861,0.2068400246,0.00155744932398
543,599250000,0.2068404101,0.2068409741,0.00147612405135
544,599250000,0.206840621,0.2068410631,0.00147739349733
545,599250000,0.2068427541,0.206843067,0.00146046053131
546,599250000,0.2068429019,0.2068430746,0.00154251113312
547,599250000,0.2068434822,0.20684407,0.00145988070055
548,599250000,0.2068437607,0.2068442238,0.00145872621662
549,599250000,0.206861572,0.2068624812,0.00139423639874
550,599250000,0.2068617172,0.2068627503,0.00148049851014
551,599250000,0.2068645663,0.2068654883,0.0013775284212
552,599250000,0.2068646465,0.2068656959,0.00146326373352
553,599250000,0.2068646465,0.206865696,0.00146227347298
554,599250000,0.206925099,0.20692627,0.00182356825321
555,599250000,0.2069258389,0.2069270364,0.00185128471347
556,599250000,0.2069259704,0.2069269828,0.00171129145746
557,599250000,0.2069291535,0.2069302069,0.0017593975236
558,602650000,0.2077228421,0.2077232172,0.00175446707844
559,602650000,0.2077505171,0.2077509914,0.00155843903476
560,602650000,0.2077534424,0.2077541171,0.00346327061749
561,602650000,0.2077703265,0.2077704176,0.00244560474257
562,602650000,0.2077812624,0.2077818209,0.00323401846661
563,602650000,0.2077989579,0.2077999314,0.00377976732542
564,602650000,0.207803009,0.2078034544,0.00182043452082
565,602650000,0.20781496,0.2078153655,0.00288109639518
566,602650000,0.2078274427,0.2078282453,0.00348114396655
567,602650000,0.2080372903,0.2080384225,0.00361073280734
568,602650000,0.2080590657,0.2080596059,0.00355128212418
569,617950000,0.2060218822,0.2060232233,0.00315512592946
570,617950000,0.2060221756,0.206023529,0.00324699515429
571,617950000,0.2060267184,0.2060279704,0.00291874647097
572,617950000,0.2060269926,0.206028259,0.003032295091
573,621350000,0.2063148405,0.2063160884,0.00560765603053
574,621350000,0.2063270227,0.2063276866,0.00617024782624
575,656200000,0.2055891866,0.2055900368,0.000208026098183
576,656200000,0.2055945413,0.2055953049,0.000226309941428
577,656200000,0.2056339747,0.205634439,0.000597586455758
578,656200000,0.2056353061,0.205636635,0.00186654390989
579,656200000,0.2056392507,0.2056396262,0.000713013139746
580,656200000,0.2056398017,0.2056405035,0.00106666390394
581,656200000,0.2056422474,0.2056426349,0.00200225849295
582,656200000,0.205645138,0.2056457724,0.00145535763794
583,656200000,0.2056533417,0.2056546607,0.000511008978661
584,656200000,0.2056602537,0.205661449,0.000336170556729
585,656200000,0.2056958524,0.2056961443,0.000745432525
586,656200000,0.2057015221,0.2057018337,0.00202266808126
587,656200000,0.205705134,0.2057054977,0.00178750128984
588,656200000,0.2057109781,0.2057113522,0.00217111059312
589,656200000,0.2057110212,0.20571147,0.00195616300552
590,656200000,0.2057370879,0.2057379285,0.00104198040657
591,656200000,0.2057425362,0.2057433,0.00116547159032
592,656200000,0.2057515415,0.2057524816,0.00262725959382
593,656200000,0.2057568971,0.2057572328,0.0020583962571
594,656200000,0.2057663983,0.2057671736,0.000362953956752
595,656200000,0.2058177121,0.2058183502,0.00247587424941
596,656200000,0.2058636105,0.2058642259,0.00239218517439
597,664700000,0.2042018449,0.2042027493,0.00408525751968
598,664700000,0.2042023439,0.2042033232,0.00392234045535
599,664700000,0.2042072249,0.2042083154,0.00426820019336
600,664700000,0.2042076729,0.2042088376,0.00413847783369
601,664700000,0.2042742959,0.2042748832,0.0039500721911
602,664700000,0.2042746656,0.2042753239,0.00380444294559
603,664700000,0.2042793786,0.2042801595,0.00411923565487
604,664700000,0.2042797105,0.2042805618,0.0040045339176
605,664700000,0.2043656046,0.2043662548,0.00423192081529
606,664700000,0.2043709442,0.2043717728,0.00437521251901
607,693600000,0.2061702004,0.2061715365,0.00395758778444
608,730150000,0.2067774774,0.2067797995,0.00484359239709
609,730150000,0.2067821603,0.2067844132,0.00470777762952
610,730150000,0.2067837777,0.2067859334,0.00456331643223
611,730150000,0.2068009219,0.2068026273,0.00387113960012
612,730150000,0.2068061991,0.2068078319,0.00373311807245
613,730150000,0.2068072436,0.2068087739,0.00358110046729
614,730150000,0.2068786011,0.2068809581,0.00548187675962
615,730150000,0.2068786012,0.2068809581,0.00548594797675
616,730150000,0.2068787159,0.2068811661,0.00507278158642
617,730150000,0.2068855952,0.2068881724,0.00519099008975
618,730150000,0.2068945741,0.206896697,0.00446154891054
619,730150000,0.2068997746,0.2069018156,0.0043223452314
620,730150000,0.2069021775,0.2069041227,0.00417052024361
621,730150000,0.2069093275,0.2069118265,0.00512544124553
622,730150000,0.2069094646,0.2069117856,0.00482960899754
623,730150000,0.2069333788,0.2069352644,0.00416886465088
624,730150000,0.2069335718,0.2069352756,0.00387057581611
625,730150000,0.2070076066,0.207009973,0.005776945
626,730150000,0.2070079001,0.207010382,0.00514994916961
627,730150000,0.2070206258,0.207020779,0.000591307253142
628,730150000,0.2070250279,0.2070273344,0.00475393831804
629,752250000,0.2075943799,0.2075964676,0.00281142709367
630,752250000,0.2075948622,0.2075970866,0.00290453578807
631,775200000,0.2071788351,0.2071805313,0.00315170133454
632,775200000,0.2072833873,0.2072862902,0.00485753201329
633,775200000,0.2073770153,0.2073784401,0.00133431572917
634,786250000,0.2059603394,0.2059615913,0.00177594618037
635,786250000,0.2059603394,0.2059615914,0.00177587354851
636,786250000,0.206067293,0.2060679758,0.000950054776595
637,790500000,0.2049999447,0.2050005746,0.00147196151622
638,790500000,0.2050022692,0.2050029049,0.0014977698209
639,790500000,0.2050105317,0.2050118049,0.00226496391983
640,790500000,0.2050123848,0.2050136487,0.00229548279959
641,790500000,0.2050153234,0.2050157244,0.00105346202162
642,790500000,0.2050176137,0.2050180181,0.00109498547767
643,790500000,0.2050485906,0.2050498038,0.00224872909028
644,790500000,0.2050486517,0.205049842,0.00222352594325
645,790500000,0.2050512951,0.2050516006,0.000996078485189
646,790500000,0.2050518436,0.2050521387,0.000993503304007
647,790500000,0.2050644994,0.2050654266,0.00184997630946
648,790500000,0.2050645095,0.2050654644,0.00187768265862
649,790500000,0.2050665562,0.2050666233,0.00075631066543
650,790500000,0.2050670251,0.2050670779,0.0007629523691
651,790500000,0.2051109212,0.2051115379,0.000732883644132
652,790500000,0.2051127801,0.2051134853,0.000668682800011
653,812600000,0.2063378142,0.2063393566,0.00162011959309
654,823650000,0.2044571467,0.204457602,0.00074574694531
655,823650000,0.2044613388,0.2044615295,0.000991009339624
656,823650000,0.204474125,0.204475138,0.000804477961757
657,823650000,0.2044789861,0.2044797506,0.000693234184629
658,823650000,0.2044801874,0.2044818075,0.00319330198271
659,823650000,0.2044977669,0.2044987627,0.00239648254749
660,823650000,0.2045022284,0.2045036262,0.00290371199754
661,823650000,0.2045451248,0.2045456409,0.00077058311947
662,823650000,0.2045479203,0.2045485803,0.000980986795811
663,823650000,0.2045906664,0.2045921501,0.00205539402045
664,823650000,0.2046020957,0.204602316,0.00141252108208
665,823650000,0.2046069465,0.2046073689,0.00171889286957
666,823650000,0.2046107893,0.2046123612,0.00385364549211
667,823650000,0.2046108958,0.2046118516,0.00132059793152
668,823650000,0.2046128984,0.2046142125,0.00186991515544
669,823650000,0.2046212807,0.2046216381,0.000809384836593
670,823650000,0.2046269508,0.2046271131,0.00106850500937
671,823650000,0.2046284754,0.2046285141,0.00123187040173
672,823650000,0.204631684,0.2046319016,0.00147540466541
673,823650000,0.2046457203,0.2046462303,0.000747548093267
674,823650000,0.2046470703,0.2046487508,0.00336309585489
675,823650000,0.2046497731,0.2046501144,0.000894571601201
676,823650000,0.2046657509,0.2046663326,0.000662499477116
677,823650000,0.204669443,0.2046709213,0.00301554379862
678,823650000,0.2046699196,0.2046702341,0.000772999025575
679,828750000,0.2079133028,0.2079138827,0.00168990251698
680,828750000,0.2079215152,0.207922084,0.00166506804227
681,828750000,0.2079396146,0.2079408917,0.00231771780528
682,828750000,0.2079454,0.2079462174,0.00190997865459
683,828750000,0.2079481267,0.2079493541,0.00227209496614
684,828750000,0.2079538923,0.2079546995,0.00188837094922
685,828750000,0.2079717222,0.2079732387,0.00259674351188
686,828750000,0.2079764652,0.2079770976,0.00144060416712
687,828750000,0.2079804959,0.2079819642,0.00254790597077
688,828750000,0.2079850863,0.2079857677,0.00145455887681
689,828750000,0.2079896955,0.2079913747,0.00257165305712
690,828750000,0.2079994229,0.2080011763,0.00267470455397
691,828750000,0.208002298,0.2080024312,0.00128139312612
692,828750000,0.2080097559,0.2080100682,0.00129488610534
693,828750000,0.2080112497,0.208011299,0.00123598694347
694,828750000,0.208018683,0.2080190454,0.00128976102832
695,828750000,0.2080225243,0.2080238784,0.00221150678423
696,828750000,0.2080233057,0.2080249014,0.00277311774857
697,828750000,0.2080325326,0.2080339609,0.00224539312238
698,828750000,0.2080325326,0.208033961,0.00224506240964
699,828750000,0.2080352669,0.2080357204,0.00148662786747
700,828750000,0.2080445058,0.2080448752,0.00139084446855
701,828750000,0.20804543,0.2080456927,0.00168602379409
702,828750000,0.208053883,0.2080541606,0.00164847026033
703,828750000,0.2080583701,0.2080595754,0.00233243751005
704,828750000,0.2080659966,0.208067169,0.00228249246962
705,828750000,0.2080731153,0.2080740186,0.00211160716702
706,828750000,0.2080736922,0.2080737282,0.00168373533188
707,828750000,0.2080784651,0.2080790626,0.00187963847197
708,828750000,0.2080823731,0.2080824205,0.00163436416082
709,828750000,0.2080853538,0.2080858576,0.00180440421569
710,828750000,0.2080873415,0.2080878223,0.00143415122938
711,828750000,0.2080938296,0.2080944213,0.0019965506773
712,828750000,0.2081070593,0.2081078955,0.00203191385493
713,828750000,0.208108585,0.2081100513,0.00264574677777
714,828750000,0.2081125267,0.2081134842,0.00189043936338
715,828750000,0.2081141835,0.2081149266,0.00194495060615
716,828750000,0.2081174699,0.2081189888,0.00268727932883
717,828750000,0.2081212664,0.2081220788,0.00173456351667
718,828750000,0.208137763,0.2081389239,0.0023624856596
719,828750000,0.2081469007,0.20814811,0.00239713128841
720,828750000,0.2081590244,0.2081593933,0.00140119076863
721,828750000,0.2081682728,0.2081685793,0.00134666761271
722,829600000,0.205566895,0.2055674056,0.00116320440876
723,829600000,0.2056200671,0.2056207131,0.00151529452336
724,829600000,0.2056240718,0.2056247402,0.00132360340906
725,829600000,0.2056772062,0.2056780211,0.00161250646997
726,829600000,0.2056924138,0.205692698,0.00105340656382
727,829600000,0.2056987617,0.2056992516,0.00111184228293
728,829600000,0.2057406804,0.2057411602,0.001173395126
729,829600000,0.205749064,0.2057494991,0.00119638171028
730,829600000,0.205756329,0.2057569671,0.00126306217782
731,829600000,0.2057845559,0.2057855564,0.00182943393895
732,829600000,0.2058324375,0.2058334691,0.00192621634954
733,840650000,0.2031063112,0.2031085916,0.00195472896064
734,840650000,0.2031064862,0.2031085647,0.00436077872094
735,840650000,0.2031064894,0.2031087058,0.00182215153441
736,840650000,0.2031065317,0.2031086665,0.00451151307745
737,840650000,0.2031219871,0.2031225319,0.00177995794207
738,840650000,0.2031220876,0.2031226693,0.00178539984889
739,840650000,0.2031431689,0.2031445865,0.00127087794507
740,840650000,0.2031433687,0.203144736,0.00122346048094
741,840650000,0.2031488487,0.2031507817,0.00429477412038
742,840650000,0.203148957,0.2031508308,0.00412536872863
743,840650000,0.2031643038,0.2031650524,0.0018177295939
744,840650000,0.2031645473,0.2031653337,0.00183412824714
745,840650000,0.203185517,0.2031872024,0.00156578088304
746,840650000,0.2031855798,0.2031872132,0.00149715294884
747,840650000,0.2032098002,0.203211357,0.00356756602712
748,840650000,0.2032110259,0.2032125947,0.00359186044021
749,840650000,0.2032361022,0.2032379528,0.00418636428844
750,840650000,0.2032370692,0.2032388667,0.00401285420628
751,840650000,0.2032523166,0.2032536519,0.00326628180646
752,840650000,0.2032775955,0.2032792516,0.0039820456466
753,844050000,0.204384217,0.2043857188,0.00245257987205
754,844050000,0.2044751989,0.2044756398,0.000388158554897
755,844050000,0.2044774823,0.2044776253,0.000285715056401
756,95200000,0.2031030543,0.203105457,0.00838110256573
757,95200000,0.2031113994,0.2031137806,0.00838773585912
758,95200000,0.2033334436,0.203335988,0.00811286829521
759,97750000,0.203991286,0.2039926798,0.00108607490847
760,97750000,0.2039918089,0.2039933334,0.0014401358808
